{"cameraMode":{"drawMode":0,"name":"Shaded","section":"Shading Mode"},"sceneLighting":true,"audioPlay":false,"sceneViewState":{"showFog":true,"showMaterialUpdate":true,"showSkybox":true,"showFlares":true,"showImageEffects":true,"showParticleSystems":true},"in2DMode":false,"pivot":{"x":-1.260162591934204,"y":0.32086414098739626,"z":2.6584043502807619},"rotation":{"x":-0.015297756530344487,"y":0.03816340118646622,"z":-0.0006012653466314077,"w":-0.9991859793663025},"size":-1.2564339637756348,"orthographic":false}